model,start_cap,threshold,test_sample_count,cause_sample_count,who_precision,who_recall,who_f1,report_precision,report_recall,report_f1,ongoing_who_recall,upcoming_who_recall,upcoming_report_recall,start_mae,duration_mae,remain_len_mae,remain_len_mae_primary,remain_len_mae_progress_weighted,cause_accuracy,cause_macro_recall,time_error_unit,remain_len_mae_unit
B2,5,0.8,6886,4237,0.8585069444444444,0.5975830815709969,0.7046669041681509,0.8550347222222222,0.595166163141994,0.7018168863555397,0.8191126279863481,0.060041407867494824,0.055900621118012424,0.030333670374115267,3.2644801139831543,5.230922518269357,4.446202116571255,4.352548972453171,0.9903233419872551,0.9875337782187241,window (60 s; numerically equal to minutes),window (global; report also contains seconds/minutes)
B2,10,0.8,6886,4237,0.858008658008658,0.48697788697788696,0.6213166144200627,0.8441558441558441,0.47911547911547914,0.6112852664576803,0.8053917438921652,0.041273584905660375,0.03773584905660377,0.12209889001009082,3.2095766067504883,5.230922518269357,4.446202116571255,4.352548972453171,0.9903233419872551,0.9875337782187241,window (60 s; numerically equal to minutes),window (global; report also contains seconds/minutes)
B2,15,0.8,6886,4237,0.8450342465753424,0.45296007342817807,0.5897818942336421,0.827054794520548,0.44332262505736575,0.5772333432925009,0.7961409395973155,0.03850050658561297,0.03343465045592705,0.16717325227963525,3.169682502746582,5.230922518269357,4.446202116571255,4.352548972453171,0.9903233419872551,0.9875337782187241,window (60 s; numerically equal to minutes),window (global; report also contains seconds/minutes)
B3,5,0.55,6886,4237,0.6796812749003984,0.5154078549848943,0.5862542955326461,0.6756972111553785,0.5123867069486405,0.5828178694158076,0.6868600682593856,0.09937888198757763,0.09316770186335403,0.05627198124267292,3.8551156520843506,10.593244587738017,8.839986390052786,8.40040353427305,0.9379277790889781,0.9201290404551207,window (60 s; numerically equal to minutes),window (global; report also contains seconds/minutes)
B3,10,0.6,6886,4237,0.5605134474327629,0.4506142506142506,0.4995913919912831,0.5354523227383863,0.4304668304668305,0.477254154181422,0.6925021061499579,0.11202830188679246,0.07783018867924528,0.3882224645583424,3.768066644668579,10.606529668211556,8.571753734707011,8.365442889618208,0.935803634647156,0.9303323182406154,window (60 s; numerically equal to minutes),window (global; report also contains seconds/minutes)
B3,15,0.5,6886,4237,0.6235632183908046,0.398347865993575,0.486138336600392,0.5919540229885057,0.3781551170261588,0.4614953794455335,0.6434563758389261,0.10233029381965553,0.07193515704154002,0.45276497695852536,3.615067958831787,9.008979089066901,7.275809055592555,7.237616901389592,0.9443002124144442,0.922290872532292,window (60 s; numerically equal to minutes),window (global; report also contains seconds/minutes)
B4,5,0.5,6886,4237,0.8157439446366782,0.5697885196374622,0.6709356101031662,0.8131487889273357,0.56797583081571,0.6688011383849165,0.7858361774744027,0.045548654244306416,0.045548654244306416,0.02014846235418876,3.321976661682129,19.342643113451953,14.484229337477666,15.078186458665995,0.9001652112343639,0.8820866483598289,window (60 s; numerically equal to minutes),window (global; report also contains seconds/minutes)
B4,10,0.9,6886,4237,0.8809055118110236,0.4398034398034398,0.5866928875778433,0.8700787401574803,0.43439803439803437,0.579482137004261,0.7219882055602359,0.04481132075471698,0.04363207547169811,0.11731843575418995,3.2375457286834717,18.102339084090666,15.359733229960733,14.755532759348933,0.9065376445598301,0.899947520794137,window (60 s; numerically equal to minutes),window (global; report also contains seconds/minutes)
B4,15,0.94,6886,4237,0.7882562277580071,0.40660853602569985,0.5364819860732667,0.7606761565836299,0.39238182652592934,0.5177111716621254,0.6988255033557047,0.05369807497467072,0.0364741641337386,0.30248306997742663,3.120506763458252,12.828904309043038,11.08299055521588,10.510153460272312,0.9065376445598301,0.8997249279378339,window (60 s; numerically equal to minutes),window (global; report also contains seconds/minutes)
B5,5,0.7,6886,4237,0.8293718166383701,0.5903323262839879,0.6897282033180374,0.8259762308998302,0.5879154078549849,0.6869043416872573,0.7943686006825939,0.09523809523809523,0.09109730848861283,0.042988741044012284,3.5648739337921143,14.704231075412341,10.867311384432433,11.481792158246149,0.9570450790653764,0.9516405461643891,window (60 s; numerically equal to minutes),window (global; report also contains seconds/minutes)
B5,10,0.85,6886,4237,0.8487179487179487,0.487960687960688,0.6196567862714508,0.8341880341880342,0.4796068796068796,0.6090483619344773,0.7961246840775064,0.05660377358490566,0.05188679245283019,0.15307150050352467,3.5333712100982666,13.850363260718789,9.936370628100805,10.758425278161777,0.9586971914090158,0.9507725712419747,window (60 s; numerically equal to minutes),window (global; report also contains seconds/minutes)
B5,15,0.9,6886,4237,0.853112840466926,0.40247820100963744,0.5469285937012784,0.8336575875486382,0.39329967875172095,0.5344558777673838,0.6996644295302014,0.04356636271529889,0.03951367781155015,0.22234891676168758,3.421640396118164,13.55696688278657,9.370791572327843,10.40230014308306,0.9513806938871844,0.9351689428450972,window (60 s; numerically equal to minutes),window (global; report also contains seconds/minutes)
